epoch,iter_num,train_loss,val_loss
0,1,2.115976095199585,2.66810941696167
0,2,2.184307813644409,2.3307456970214844
0,3,2.0963962078094482,2.642055034637451
0,4,2.4167323112487793,2.011841058731079
0,5,2.523946523666382,2.508831024169922
0,6,2.3539764881134033,2.1891181468963623
0,7,2.5065133571624756,2.600999116897583
0,8,2.565713882446289,2.2808001041412354
0,9,2.4380271434783936,2.313474655151367
0,10,2.443748950958252,1.9865102767944336
0,11,2.151073694229126,2.3546738624572754
0,12,2.4021050930023193,2.1174004077911377
0,13,2.040494441986084,2.53690505027771
0,14,2.164482831954956,2.3273584842681885
0,15,2.416733980178833,2.4396779537200928
0,16,2.3728015422821045,2.072260618209839
0,17,2.118136405944824,2.6203978061676025
0,18,2.3462047576904297,2.111459970474243
0,19,2.464387893676758,2.5139646530151367
0,20,2.001291513442993,2.420006275177002
0,21,2.3343441486358643,2.5278189182281494
0,22,2.367575168609619,2.0864601135253906
0,23,2.4443254470825195,2.375640392303467
0,24,2.146869659423828,2.0219740867614746
0,25,2.5712156295776367,2.586094617843628
0,26,2.405550479888916,2.0078203678131104
0,27,2.4600789546966553,2.492131471633911
0,28,2.4772417545318604,2.4378058910369873
0,29,2.6164638996124268,2.425222158432007
0,30,2.5368385314941406,2.411938428878784
0,31,2.2039146423339844,2.071577787399292
0,32,2.250973701477051,2.3115952014923096
0,33,2.231860399246216,2.4406914710998535
0,34,2.218043088912964,2.472583770751953
0,35,2.3060462474823,2.506075620651245
0,36,2.064990758895874,2.2022147178649902
0,37,1.9432293176651,2.3696186542510986
0,38,2.4125332832336426,2.3736677169799805
0,39,2.6106669902801514,2.368806838989258
0,40,2.340078115463257,2.5396106243133545
0,41,2.347111940383911,2.685161828994751
0,42,2.253615617752075,2.2523512840270996
0,43,2.2549118995666504,2.4089972972869873
0,44,2.7315642833709717,2.045732021331787
0,45,2.363672971725464,2.36619234085083
0,46,2.178419589996338,2.600828170776367
0,47,2.7657158374786377,2.399700403213501
0,48,2.314368724822998,2.297508478164673
0,49,2.264063835144043,2.1825857162475586
0,50,2.6080129146575928,2.1023058891296387
0,51,2.5678141117095947,2.7244391441345215
0,52,2.204756498336792,2.2386603355407715
0,53,2.3466227054595947,2.4603664875030518
0,54,2.12668776512146,2.4277312755584717
0,55,2.373549699783325,2.46809720993042
0,56,1.8600367307662964,2.399245500564575
0,57,2.358076572418213,2.55314564704895
0,58,2.1622581481933594,2.3250820636749268
0,59,2.197650909423828,2.3265979290008545
0,60,2.2830445766448975,2.2499592304229736
0,61,2.252650499343872,2.487213373184204
0,62,2.4144175052642822,1.9833265542984009
0,63,2.4386494159698486,2.5970160961151123
0,64,1.9530924558639526,2.3565409183502197
0,65,2.7469851970672607,2.3991973400115967
0,66,2.749276876449585,2.2580795288085938
0,67,2.5444984436035156,2.517275333404541
0,68,2.3558244705200195,2.1603517532348633
0,69,2.327822685241699,2.5392532348632812
0,70,2.489525318145752,2.223747491836548
0,71,2.372769594192505,2.69327449798584
0,72,2.3551063537597656,2.4235615730285645
0,73,2.6504905223846436,2.459958076477051
0,74,2.270691394805908,2.266954183578491
0,75,2.0050363540649414,2.645857572555542
0,76,2.537202835083008,2.2175045013427734
0,77,2.3691258430480957,2.364053964614868
0,78,2.1614742279052734,2.451408863067627
0,79,2.1081533432006836,2.3140037059783936
0,80,2.1271331310272217,2.436431884765625
0,81,2.2762744426727295,2.667428731918335
0,82,2.169088840484619,2.4097776412963867
0,83,2.3828494548797607,2.6148595809936523
0,84,2.611461877822876,2.476593255996704
0,85,2.514533042907715,2.7814390659332275
0,86,2.5870401859283447,2.1737751960754395
0,87,2.7110419273376465,2.1252126693725586
0,88,2.1835644245147705,2.3872268199920654
0,89,2.5103912353515625,2.4435880184173584
0,90,2.2731761932373047,2.5559580326080322
0,91,2.2265849113464355,2.294205665588379
0,92,2.5634353160858154,2.0359368324279785
0,93,2.3849592208862305,2.4137685298919678
0,94,2.1687967777252197,1.8714405298233032
0,95,2.676419258117676,2.5457420349121094
0,96,2.042086601257324,2.101607322692871
0,97,1.9995704889297485,2.489945888519287
0,98,2.1316757202148438,2.3873486518859863
0,99,2.0728321075439453,2.492889881134033
0,100,2.552117347717285,2.4333860874176025
0,101,2.362048864364624,2.2990057468414307
0,102,2.206366539001465,2.2998344898223877
0,103,2.6314585208892822,2.5196125507354736
0,104,2.4445860385894775,2.2395923137664795
0,105,2.563854694366455,2.325860023498535
0,106,2.481919050216675,2.6263461112976074
0,107,2.286867141723633,2.1409080028533936
0,108,2.431586980819702,2.0522115230560303
0,109,2.672586679458618,2.2559330463409424
0,110,2.3627471923828125,2.400216817855835
0,111,2.371284246444702,2.639770269393921
0,112,2.3167684078216553,2.407984972000122
0,113,2.263519048690796,2.244924306869507
0,114,2.4836690425872803,2.21992564201355
0,115,2.3899476528167725,2.4150290489196777
0,116,2.4247617721557617,2.1925957202911377
0,117,2.184943199157715,2.4759328365325928
0,118,2.2310378551483154,2.283188581466675
0,119,2.3178904056549072,2.411381721496582
0,120,2.1070146560668945,2.363708257675171
0,121,2.3266639709472656,2.825533151626587
0,122,2.390019655227661,2.4052815437316895
0,123,2.3483526706695557,2.4662652015686035
0,124,2.152684450149536,2.332057476043701
0,125,2.470087766647339,2.4393386840820312
0,126,2.3138198852539062,2.1117818355560303
0,127,2.495520830154419,2.223037004470825
0,128,2.333962917327881,2.5967164039611816
0,129,2.134213447570801,2.462604522705078
0,130,2.1118412017822266,2.250206232070923
0,131,2.3552751541137695,2.6274213790893555
0,132,2.406524419784546,2.4503376483917236
0,133,2.15311861038208,2.4029834270477295
0,134,2.099125623703003,2.247203826904297
0,135,2.4941234588623047,2.4481608867645264
0,136,2.204104423522949,2.446507215499878
0,137,2.3137099742889404,2.4506759643554688
0,138,2.1626574993133545,2.0909433364868164
0,139,2.3991222381591797,2.6790130138397217
0,140,2.4993224143981934,2.301917314529419
0,141,2.1249046325683594,2.4343481063842773
0,142,2.3768231868743896,2.609010934829712
0,143,2.568432569503784,2.4769160747528076
0,144,2.4713399410247803,2.431180000305176
0,145,2.315730571746826,2.3989617824554443
0,146,2.186218023300171,2.2953009605407715
0,147,2.0922656059265137,2.3662188053131104
0,148,2.3060142993927,2.3398237228393555
0,149,2.502267837524414,2.510592460632324
0,150,2.6078248023986816,2.463615894317627
0,151,2.244224786758423,2.417367458343506
0,152,2.0519227981567383,2.3617613315582275
0,153,2.2287209033966064,2.4301462173461914
0,154,2.2697620391845703,2.2576420307159424
0,155,2.280254364013672,2.5105690956115723
0,156,2.2982382774353027,2.2602474689483643
0,157,1.9968594312667847,2.2095017433166504
0,158,2.3507566452026367,2.0817532539367676
0,159,2.176783323287964,2.6241416931152344
0,160,2.05562424659729,2.044672727584839
0,161,2.5384018421173096,2.5041117668151855
0,162,2.580226182937622,2.327279806137085
0,163,2.6711342334747314,2.319256067276001
0,164,2.493088483810425,2.457014560699463
0,165,2.233099937438965,2.3836276531219482
0,166,2.2510719299316406,2.24212646484375
0,167,2.250375747680664,2.5524961948394775
0,168,2.409315824508667,2.1271133422851562
0,169,2.6553194522857666,2.216771125793457
0,170,2.142883062362671,2.1776037216186523
0,171,2.177399158477783,2.4299230575561523
0,172,2.5877957344055176,2.3792734146118164
0,173,2.132676362991333,2.365121603012085
0,174,2.2718405723571777,2.4072794914245605
0,175,2.390761613845825,2.51469349861145
0,176,2.285524845123291,2.411952257156372
0,177,1.9734984636306763,2.407316207885742
0,178,2.33247709274292,2.1283576488494873
0,179,2.5594797134399414,2.462924003601074
0,180,2.2033121585845947,1.8863784074783325
0,181,2.6112093925476074,2.4216580390930176
0,182,2.4442083835601807,2.3067057132720947
0,183,2.409820556640625,2.2968761920928955
0,184,2.3107380867004395,2.373739004135132
0,185,2.392923355102539,2.3779032230377197
0,186,2.5595479011535645,2.402935266494751
0,187,2.5909667015075684,2.500941514968872
0,188,2.289137363433838,2.1585965156555176
0,189,2.5409538745880127,2.1497185230255127
0,190,2.344414234161377,2.3571722507476807
0,191,2.0543441772460938,2.6022911071777344
0,192,2.1172804832458496,2.3498690128326416
0,193,2.3611979484558105,2.4278478622436523
0,194,2.4079222679138184,2.4941394329071045
0,195,2.4814929962158203,2.529900550842285
0,196,2.065222978591919,2.443312406539917
0,197,2.1183247566223145,2.3470139503479004
0,198,2.1240782737731934,2.500493288040161
0,199,2.2511048316955566,2.5806562900543213
0,200,1.9222444295883179,2.3077025413513184
0,201,2.345423460006714,2.1848857402801514
0,202,2.496018886566162,2.3029701709747314
0,203,2.399906873703003,2.290599822998047
0,204,2.8293137550354004,2.0611701011657715
0,205,2.0910162925720215,2.0196967124938965
0,206,2.509673595428467,2.6163206100463867
0,207,1.9131605625152588,2.803640127182007
0,208,2.146135091781616,2.389582395553589
0,209,2.3469998836517334,2.415358781814575
0,210,2.371912717819214,2.3059821128845215
0,211,2.3219146728515625,2.5548062324523926
0,212,2.0616002082824707,2.121239185333252
0,213,2.4951071739196777,2.2939419746398926
0,214,2.1462347507476807,2.0082058906555176
0,215,2.3737380504608154,2.2159337997436523
0,216,2.228803873062134,2.0703768730163574
0,217,2.141829013824463,2.436980962753296
0,218,2.176693916320801,2.283055067062378
0,219,2.2040607929229736,2.272387981414795
0,220,2.120452404022217,2.576354742050171
0,221,2.258657217025757,2.386786460876465
0,222,2.515382766723633,2.6019301414489746
0,223,2.4282174110412598,2.483814239501953
0,224,2.5837528705596924,2.178340196609497
0,225,2.04093074798584,2.356700897216797
0,226,2.4521729946136475,2.413912057876587
0,227,2.5707812309265137,2.7101478576660156
0,228,2.1922683715820312,2.4944722652435303
0,229,2.4912824630737305,2.5460803508758545
0,230,2.615147113800049,2.2447497844696045
0,231,1.8305943012237549,2.1907944679260254
0,232,2.1167151927948,2.5901572704315186
0,233,2.181581497192383,2.4361181259155273
0,234,2.471991777420044,2.2013099193573
0,235,2.2240793704986572,2.4076414108276367
0,236,2.4118893146514893,2.3546581268310547
0,237,2.426821708679199,2.4902563095092773
0,238,2.1247527599334717,2.0375216007232666
0,239,2.5216562747955322,2.260723114013672
0,240,1.8631318807601929,2.2728631496429443
0,241,2.1830050945281982,2.433838129043579
0,242,2.2312660217285156,2.4408414363861084
0,243,2.5425825119018555,2.2175848484039307
0,244,2.1572906970977783,2.1189095973968506
0,245,2.4175217151641846,2.5353031158447266
0,246,2.175804853439331,2.0410983562469482
0,247,2.388263702392578,2.5051724910736084
0,248,2.2343146800994873,2.1469452381134033
0,249,2.701310634613037,2.1542928218841553
0,250,2.5695786476135254,2.3680813312530518
0,251,2.143907070159912,2.3285462856292725
0,252,2.040071964263916,2.23268461227417
0,253,2.222238063812256,2.361820697784424
0,254,2.2823500633239746,2.275620698928833
0,255,2.3109042644500732,2.248934268951416
0,256,2.136181354522705,2.1666910648345947
0,257,2.032593011856079,2.3058457374572754
0,258,2.3475964069366455,2.1627352237701416
0,259,2.0651068687438965,2.624605417251587
0,260,2.1824560165405273,2.3923017978668213
0,261,2.4696333408355713,2.3833751678466797
0,262,2.2837331295013428,2.2294857501983643
0,263,2.4064433574676514,2.532541036605835
0,264,2.343811511993408,2.0746958255767822
0,265,2.4618027210235596,2.303037405014038
0,266,2.239553689956665,2.3154661655426025
0,267,2.31911563873291,2.297866106033325
0,268,2.0191619396209717,2.3003320693969727
0,269,2.541402816772461,2.546262264251709
0,270,2.2648510932922363,2.4898316860198975
0,271,2.0959084033966064,1.9548912048339844
0,272,2.230546236038208,2.139927864074707
0,273,2.1726438999176025,2.2404959201812744
0,274,2.2581889629364014,2.589090585708618
0,275,2.162290096282959,2.2408792972564697
0,276,1.9671235084533691,2.423616409301758
0,277,2.2334203720092773,2.220106840133667
0,278,1.9640851020812988,2.3624229431152344
0,279,2.085317373275757,2.622331142425537
0,280,2.264206647872925,2.223896026611328
0,281,2.2523794174194336,2.6295647621154785
0,282,2.3486788272857666,2.3528149127960205
0,283,2.459857225418091,2.48457932472229
0,284,2.521956443786621,2.4127066135406494
0,285,2.566418409347534,2.534846782684326
0,286,2.3323352336883545,2.1920247077941895
0,287,2.1733996868133545,2.450505495071411
0,288,2.511305332183838,2.3614673614501953
0,289,2.381220817565918,2.238558053970337
0,290,2.4665982723236084,2.335634231567383
0,291,2.4622037410736084,2.2256715297698975
0,292,2.333530902862549,2.0355212688446045
0,293,2.361740827560425,2.4475176334381104
0,294,1.9661794900894165,2.318594217300415
0,295,2.2296066284179688,2.3885998725891113
0,296,2.413126230239868,2.3518431186676025
0,297,2.4285707473754883,2.554964065551758
0,298,1.9530686140060425,2.116523265838623
0,299,2.1298341751098633,2.234724998474121
0,300,2.1169955730438232,2.2345006465911865
0,301,2.3305857181549072,2.4577395915985107
0,302,2.43465518951416,2.0236473083496094
0,303,2.208132266998291,2.3557679653167725
0,304,2.375638723373413,2.2027077674865723
0,305,2.5108542442321777,2.1242713928222656
0,306,2.355761766433716,2.173262596130371
0,307,2.3350419998168945,2.331416130065918
0,308,2.496128559112549,2.652029037475586
0,309,2.3102314472198486,2.146617889404297
0,310,2.4922592639923096,2.4264183044433594
0,311,2.3336777687072754,2.421461820602417
0,312,2.2122151851654053,2.3122167587280273
0,313,2.2602882385253906,2.3591148853302
0,314,2.4821650981903076,2.257812023162842
0,315,2.4402060508728027,2.2909154891967773
0,316,2.1608169078826904,2.071669340133667
0,317,2.1827971935272217,2.2888619899749756
0,318,2.4239978790283203,2.685110330581665
0,319,2.1518185138702393,2.4697887897491455
0,320,2.256957769393921,2.4082908630371094
0,321,2.5516834259033203,2.610499620437622
0,322,2.4521543979644775,2.2726192474365234
0,323,2.3918864727020264,2.3377997875213623
0,324,2.403258800506592,2.466784954071045
0,325,2.3620941638946533,2.2622036933898926
0,326,2.709357261657715,2.3674612045288086
0,327,2.387695550918579,2.1463711261749268
0,328,2.418121099472046,2.419956922531128
0,329,2.251572608947754,2.423949956893921
0,330,2.5074219703674316,2.003997564315796
0,331,2.336473226547241,2.3560941219329834
0,332,2.1827147006988525,2.1290712356567383
0,333,2.027754068374634,2.336995840072632
0,334,2.2363977432250977,2.016106367111206
0,335,2.493739128112793,2.5927679538726807
0,336,2.153372049331665,2.3212735652923584
0,337,2.1888277530670166,2.3927221298217773
0,338,2.497617721557617,1.941392421722412
0,339,2.3757829666137695,2.363434314727783
0,340,1.704515814781189,2.297727346420288
0,341,2.2934672832489014,2.42929744720459
0,342,2.414094924926758,2.3262598514556885
0,343,2.1321871280670166,2.6533427238464355
0,344,2.5342981815338135,2.554719924926758
0,345,2.3811774253845215,2.2638745307922363
0,346,2.6645026206970215,2.4070188999176025
0,347,2.3017170429229736,2.347353935241699
0,348,2.043518304824829,2.393522262573242
0,349,2.196519136428833,2.3811049461364746
0,350,2.383735418319702,2.342194080352783
0,351,2.1512975692749023,2.533165216445923
0,352,2.467787504196167,2.307898998260498
0,353,2.2908718585968018,2.2938220500946045
0,354,1.9368442296981812,2.379096031188965
0,355,2.429443120956421,2.3667826652526855
0,356,2.151660919189453,2.4223155975341797
0,357,2.171144723892212,2.392277956008911
0,358,1.9286097288131714,2.0958380699157715
0,359,2.1652767658233643,2.181396245956421
0,360,2.2041170597076416,2.3643436431884766
0,361,2.3641064167022705,2.472919464111328
0,362,2.5057623386383057,2.252615213394165
0,363,2.153756618499756,2.105612277984619
0,364,2.4377410411834717,2.2584195137023926
0,365,1.9286607503890991,2.255033493041992
0,366,2.399296998977661,2.094714879989624
0,367,2.537233591079712,2.4656283855438232
0,368,2.593735933303833,2.272785186767578
0,369,2.5344247817993164,2.4820640087127686
0,370,1.9565050601959229,2.15952205657959
0,371,1.9144814014434814,2.0884225368499756
0,372,2.539891004562378,2.2988545894622803
0,373,2.2571775913238525,2.272972583770752
0,374,2.3820104598999023,2.4240894317626953
0,375,2.0704259872436523,2.4610135555267334
0,376,2.2153849601745605,2.153931140899658
0,377,2.486154556274414,2.5226502418518066
0,378,2.1870856285095215,2.296638011932373
0,379,2.1673293113708496,2.3266475200653076
0,380,2.23238468170166,2.3256590366363525
0,381,2.210585355758667,2.546762704849243
0,382,2.417551279067993,2.29752516746521
0,383,2.381000518798828,2.113133668899536
0,384,2.516488552093506,2.437535047531128
0,385,2.379689931869507,2.6279959678649902
0,386,2.283113956451416,2.091320276260376
0,387,2.3903748989105225,2.1082541942596436
0,388,2.2795562744140625,2.1635732650756836
0,389,2.196765422821045,2.264744997024536
0,390,2.0831849575042725,2.025019884109497
0,391,2.033189058303833,2.412646532058716
0,392,2.254856586456299,2.0396652221679688
0,393,1.94615638256073,2.3110311031341553
0,394,2.4173929691314697,2.3404107093811035
0,395,2.4376890659332275,2.389049768447876
0,396,2.0210120677948,2.1537375450134277
0,397,2.071298837661743,2.2896194458007812
0,398,1.8729031085968018,2.056785821914673
0,399,2.432055950164795,2.495725393295288
0,400,2.2206642627716064,2.317805767059326
0,401,2.158628463745117,2.222062349319458
0,402,2.5868825912475586,2.1044979095458984
0,403,2.1594693660736084,2.205810785293579
0,404,2.233952760696411,2.4435675144195557
0,405,2.364393949508667,2.3585004806518555
0,406,2.50628662109375,2.2978460788726807
0,407,2.3624417781829834,2.334163188934326
0,408,2.3670055866241455,2.2621707916259766
0,409,2.4089038372039795,2.5057270526885986
0,410,2.2030069828033447,2.4455983638763428
0,411,2.276479721069336,2.4882657527923584
0,412,1.987109661102295,1.9348211288452148
0,413,2.124142646789551,2.43180513381958
0,414,2.064518928527832,2.141763925552368
0,415,1.8147066831588745,2.4172635078430176
0,416,2.0486977100372314,2.0028295516967773
0,417,2.111680746078491,2.5803232192993164
0,418,2.000507116317749,1.9900156259536743
0,419,2.1521964073181152,2.4181697368621826
0,420,2.3739523887634277,1.9790234565734863
0,421,2.3946640491485596,2.689662218093872
0,422,2.36453914642334,1.886002779006958
0,423,2.242276668548584,2.5642454624176025
0,424,2.3458352088928223,2.009765386581421
0,425,2.1841468811035156,2.1666016578674316
0,426,2.000030040740967,2.1793713569641113
0,427,2.3112118244171143,2.3297901153564453
0,428,2.2467942237854004,2.1062839031219482
0,429,2.0732898712158203,2.1356863975524902
0,430,2.3963141441345215,2.326843023300171
0,431,2.3937947750091553,2.4692885875701904
0,432,2.1664211750030518,2.3344578742980957
0,433,2.0273966789245605,2.512943744659424
0,434,2.2815895080566406,2.286540985107422
0,435,2.1793577671051025,2.2049248218536377
0,436,2.235574245452881,2.5640645027160645
0,437,2.059333324432373,2.386843681335449
0,438,2.4306235313415527,2.113515615463257
0,439,2.121994972229004,2.161618232727051
0,440,2.079277515411377,2.4330379962921143
0,441,2.500865936279297,2.3720896244049072
0,442,2.5480797290802,2.2084004878997803
0,443,2.422037363052368,2.4214928150177
0,444,2.361523389816284,2.1586406230926514
0,445,2.363889217376709,2.234766721725464
0,446,2.286001443862915,2.3950555324554443
0,447,2.4953415393829346,2.4387271404266357
0,448,2.4167819023132324,2.0806477069854736
0,449,2.316328525543213,2.3277342319488525
0,450,2.371108293533325,2.30704402923584
0,451,2.06913685798645,2.433304786682129
0,452,2.4100894927978516,2.1796677112579346
0,453,2.277285575866699,2.625049352645874
0,454,2.018998384475708,2.201569080352783
0,455,2.292696475982666,2.355992555618286
0,456,2.252748489379883,2.522819995880127
0,457,2.1270716190338135,2.4159927368164062
0,458,1.9706289768218994,2.27763032913208
0,459,2.026596784591675,2.4388835430145264
0,460,2.2280654907226562,2.3737916946411133
0,461,2.266077756881714,2.195587158203125
0,462,2.4246811866760254,2.1389942169189453
0,463,2.301060914993286,2.431286096572876
0,464,2.5027947425842285,2.281689405441284
0,465,2.3407695293426514,2.3734633922576904
0,466,1.9170358180999756,2.292050361633301
0,467,2.364650011062622,2.3613929748535156
0,468,2.1077945232391357,2.173814058303833
0,469,2.2759573459625244,2.2472269535064697
0,470,2.384467840194702,2.1391263008117676
0,471,2.0289361476898193,2.5490760803222656
0,472,2.299562931060791,2.3042962551116943
0,473,2.5255720615386963,2.380086660385132
0,474,1.988077998161316,1.8851779699325562
0,475,2.392155885696411,2.637197732925415
0,476,2.180058717727661,2.0932776927948
0,477,2.2746143341064453,2.6201982498168945
0,478,2.1432876586914062,2.228854179382324
0,479,2.113121509552002,2.3055548667907715
0,480,1.8862390518188477,2.171910047531128
0,481,2.118924379348755,2.2623465061187744
0,482,2.1640806198120117,2.2931320667266846
0,483,2.3331048488616943,2.396719455718994
0,484,2.354034662246704,2.033208131790161
0,485,2.4248239994049072,1.99955153465271
0,486,2.245058298110962,2.420381784439087
0,487,2.490504503250122,2.475529193878174
0,488,2.4272572994232178,2.2610225677490234
0,489,2.4614038467407227,2.5272257328033447
0,490,2.262333393096924,2.296225070953369
0,491,2.1984097957611084,2.3287482261657715
0,492,1.962985873222351,1.849874496459961
0,493,2.5538437366485596,2.387026309967041
0,494,2.1988306045532227,2.0693447589874268
0,495,2.068162441253662,2.3875787258148193
0,496,2.1436734199523926,2.10871958732605
0,497,2.0655994415283203,2.3850514888763428
0,498,2.2303285598754883,2.522364854812622
0,499,1.923268437385559,2.2801036834716797
0,500,2.397399425506592,2.208310604095459
0,501,2.289956569671631,2.1949098110198975
0,502,2.668276786804199,2.4252281188964844
0,503,2.191462755203247,2.4260308742523193
0,504,2.278744697570801,2.2531304359436035
0,505,2.434508800506592,2.4452590942382812
0,506,2.1619880199432373,2.4387876987457275
0,507,2.3401894569396973,2.5204505920410156
0,508,2.238140344619751,2.0686726570129395
0,509,2.19114351272583,2.5198183059692383
0,510,2.505676031112671,2.2233951091766357
0,511,2.1711220741271973,2.1530063152313232
0,512,2.1930484771728516,2.3167922496795654
0,513,2.0794761180877686,2.535349130630493
0,514,2.307971954345703,2.1230623722076416
0,515,1.9496769905090332,2.496706008911133
0,516,2.083378553390503,2.0698845386505127
0,517,1.8645107746124268,2.359421491622925
0,518,2.313274383544922,2.1176602840423584
0,519,1.9848828315734863,2.3999204635620117
0,520,2.353795051574707,2.068127155303955
0,521,2.231541633605957,2.1727640628814697
0,522,2.1429336071014404,2.0661227703094482
0,523,2.1343905925750732,2.100386619567871
0,524,2.4770820140838623,2.351789951324463
0,525,2.321425437927246,2.3328073024749756
0,526,2.3134219646453857,2.4442226886749268
0,527,2.2577834129333496,2.430013418197632
0,528,2.447540521621704,1.9857673645019531
0,529,2.584890604019165,2.381718397140503
0,530,2.488051176071167,2.082186460494995
0,531,1.8117105960845947,2.5960044860839844
0,532,2.4665181636810303,1.8509490489959717
0,533,2.249227285385132,2.159595251083374
0,534,2.281996726989746,2.27345871925354
0,535,1.953026533126831,2.4342195987701416
0,536,2.197002649307251,2.0470993518829346
0,537,2.1830716133117676,2.3341562747955322
0,538,2.043412685394287,2.2884254455566406
0,539,2.3203675746917725,2.357928514480591
0,540,2.318709135055542,1.8688030242919922
0,541,2.2353312969207764,2.5134763717651367
0,542,2.210681438446045,2.275876998901367
0,543,2.550058126449585,2.398444652557373
0,544,2.074669361114502,2.2471890449523926
0,545,2.280176877975464,2.1049768924713135
0,546,2.3003854751586914,2.144613027572632
0,547,2.3837742805480957,2.342533588409424
0,548,2.2131471633911133,2.418281316757202
0,549,2.065185785293579,2.28059720993042
0,550,2.2236509323120117,2.1955325603485107
0,551,1.9239966869354248,2.05853271484375
0,552,2.262390375137329,2.363969087600708
0,553,2.1859183311462402,2.317323684692383
0,554,2.305494546890259,2.2543113231658936
0,555,2.1323318481445312,2.086361885070801
0,556,1.7826132774353027,2.2113819122314453
0,557,2.2183780670166016,2.623932123184204
0,558,2.0817267894744873,2.4010064601898193
0,559,2.3239586353302,2.3205533027648926
0,560,2.3229384422302246,2.1341724395751953
0,561,2.406507968902588,2.193403959274292
0,562,2.3082454204559326,2.4031169414520264
0,563,2.133612871170044,2.503023147583008
0,564,2.2775332927703857,2.252168893814087
0,565,2.166888952255249,2.3599154949188232
0,566,2.3458364009857178,2.1970319747924805
0,567,2.1815097332000732,2.235752820968628
0,568,2.2845420837402344,2.130795478820801
0,569,2.3516018390655518,2.2577390670776367
0,570,2.159085750579834,1.995895504951477
0,571,2.0554134845733643,2.4807069301605225
0,572,2.109872579574585,2.1840076446533203
0,573,2.08943772315979,2.3087618350982666
0,574,1.8153393268585205,2.3020565509796143
0,575,2.3287312984466553,2.1957502365112305
0,576,2.2356534004211426,2.2668657302856445
0,577,2.072612762451172,2.0711350440979004
0,578,2.1366848945617676,2.2227237224578857
0,579,2.1021604537963867,2.263636350631714
0,580,2.0201451778411865,2.2175190448760986
0,581,2.3992302417755127,2.1676361560821533
0,582,2.119966745376587,2.034214735031128
0,583,2.2356998920440674,2.2199525833129883
0,584,2.3979978561401367,2.2406537532806396
0,585,2.3276400566101074,1.9995166063308716
0,586,2.325927495956421,2.034715175628662
0,587,2.2992138862609863,2.4698891639709473
0,588,2.4006776809692383,2.172630548477173
0,589,2.1508867740631104,2.282938003540039
0,590,2.4441823959350586,2.260655641555786
0,591,2.1478166580200195,1.9487519264221191
0,592,2.0597951412200928,2.351376533508301
0,593,2.3734946250915527,2.2213521003723145
0,594,1.9992859363555908,2.3122379779815674
0,595,2.355496883392334,2.300093412399292
0,596,2.222825765609741,2.025442361831665
0,597,2.553034782409668,2.3501079082489014
0,598,2.108419418334961,2.067307472229004
0,599,2.1828646659851074,2.325875997543335
0,600,2.293259859085083,2.341752767562866
0,601,2.411188840866089,2.3526198863983154
0,602,2.203967571258545,2.0248453617095947
0,603,2.407904624938965,2.4039134979248047
0,604,2.2902610301971436,2.286081075668335
0,605,2.021923780441284,2.274524450302124
0,606,2.2773451805114746,2.1676948070526123
0,607,2.4055235385894775,2.2639927864074707
0,608,2.1926095485687256,2.2144782543182373
0,609,2.5983033180236816,2.3781356811523438
0,610,2.3819072246551514,2.0692882537841797
0,611,2.608879327774048,2.5095627307891846
0,612,2.220688819885254,2.383021116256714
0,613,2.0814831256866455,2.13460373878479
0,614,2.4794111251831055,2.1959269046783447
0,615,2.3778269290924072,2.28867244720459
0,616,2.3494439125061035,2.0949981212615967
0,617,2.0755817890167236,2.4586257934570312
0,618,2.5406124591827393,2.1656382083892822
0,619,2.2788071632385254,2.36734676361084
0,620,2.1067442893981934,2.3722944259643555
0,621,2.541335344314575,2.3951358795166016
0,622,2.2374980449676514,2.296092987060547
0,623,2.306953191757202,2.290940523147583
0,624,1.9207648038864136,2.293107748031616
0,625,2.119554281234741,2.2785604000091553
0,626,2.217764139175415,2.113708972930908
0,627,2.1542022228240967,2.410953998565674
0,628,2.0424840450286865,2.3337645530700684
0,629,2.620516777038574,2.473017930984497
0,630,2.4834461212158203,2.1570849418640137
0,631,2.035226345062256,2.3780667781829834
0,632,2.311098098754883,2.1980271339416504
0,633,2.212641477584839,2.2279560565948486
0,634,2.0569241046905518,1.9943958520889282
0,635,1.970876693725586,2.3029329776763916
0,636,2.3399038314819336,2.2588045597076416
0,637,1.9572103023529053,2.5191574096679688
0,638,2.3304169178009033,1.920276165008545
0,639,2.1086080074310303,2.575352191925049
0,640,2.3225903511047363,2.211986780166626
0,641,2.265927791595459,2.355778217315674
0,642,2.2777881622314453,2.1035358905792236
0,643,1.9887049198150635,1.9073798656463623
0,644,1.97509765625,2.4420952796936035
0,645,2.059129476547241,2.128422975540161
0,646,2.0457780361175537,2.258798360824585
0,647,2.3119871616363525,2.045463800430298
0,648,2.3036718368530273,2.351977825164795
0,649,2.5090534687042236,2.36885666847229
0,650,2.3682937622070312,2.3091511726379395
0,651,2.4715752601623535,2.6169419288635254
0,652,2.0528805255889893,2.118715286254883
0,653,2.27695369720459,2.3020858764648438
0,654,1.8842037916183472,2.2132294178009033
0,655,2.108476161956787,2.178705930709839
0,656,1.9627081155776978,2.0659291744232178
0,657,2.4089043140411377,2.2922403812408447
0,658,2.1560590267181396,2.4475433826446533
0,659,2.487060785293579,2.6209731101989746
0,660,2.2168655395507812,2.2388439178466797
0,661,2.5835392475128174,2.260474681854248
0,662,2.489476203918457,2.0746262073516846
0,663,2.3635942935943604,2.2957019805908203
0,664,2.2702062129974365,2.2302701473236084
0,665,2.4267590045928955,2.4130301475524902
0,666,2.4443588256835938,2.066122531890869
0,667,2.603806972503662,2.221510410308838
0,668,2.288963794708252,2.3086094856262207
0,669,2.205720901489258,2.4393224716186523
0,670,2.2166225910186768,2.1710214614868164
0,671,2.171921968460083,2.3773043155670166
0,672,2.0625076293945312,2.261759042739868
0,673,2.222656011581421,2.378209352493286
0,674,2.4376347064971924,2.2184433937072754
0,675,2.3452608585357666,2.0829386711120605
0,676,2.2203986644744873,2.0115606784820557
0,677,2.2716662883758545,2.3396553993225098
0,678,2.2900404930114746,1.8461536169052124
0,679,2.2803642749786377,2.1131038665771484
0,680,2.3615729808807373,2.1466128826141357
0,681,2.277906894683838,2.2472105026245117
0,682,2.5310349464416504,2.371138334274292
0,683,2.0147972106933594,2.4238953590393066
0,684,2.293315887451172,2.049898624420166
0,685,2.3897716999053955,2.2887356281280518
0,686,2.2710120677948,2.1527860164642334
0,687,2.0553696155548096,2.4646146297454834
0,688,2.250901699066162,2.1045773029327393
0,689,2.0890769958496094,2.3897767066955566
0,690,2.165802478790283,2.436096429824829
0,691,2.436382532119751,2.4757273197174072
0,692,2.252349615097046,2.192528247833252
0,693,2.408017158508301,2.308316707611084
0,694,2.183943510055542,2.1294186115264893
0,695,2.0504672527313232,2.151341199874878
0,696,2.0064241886138916,2.082566022872925
0,697,2.070376396179199,2.311258554458618
0,698,2.1544761657714844,2.2507922649383545
0,699,2.3201260566711426,2.5097413063049316
0,700,1.904030680656433,2.1900672912597656
0,701,2.4196395874023438,2.2148849964141846
0,702,2.223043441772461,1.9598326683044434
0,703,2.312063217163086,2.355919361114502
0,704,2.556297779083252,1.9599419832229614
0,705,2.61531400680542,2.6068387031555176
0,706,2.227206230163574,2.6526310443878174
0,707,2.3903205394744873,2.3235647678375244
0,708,2.2174501419067383,2.092092752456665
0,709,2.402331829071045,2.352940559387207
0,710,2.4043149948120117,2.095780611038208
0,711,2.35945463180542,2.5020368099212646
0,712,2.262813091278076,2.4489290714263916
0,713,2.346889019012451,2.5794074535369873
0,714,2.4444403648376465,2.262612819671631
0,715,2.1806111335754395,2.5248641967773438
0,716,2.3287136554718018,2.362046003341675
0,717,2.3190746307373047,2.420822858810425
0,718,2.257148265838623,2.253950834274292
0,719,1.935572624206543,2.2721364498138428
0,720,2.117873430252075,2.3401966094970703
0,721,2.018404960632324,2.312425136566162
0,722,2.0524470806121826,2.4404284954071045
0,723,2.514921188354492,2.3954200744628906
0,724,2.250351905822754,2.0531907081604004
0,725,2.1768128871917725,2.481199026107788
0,726,2.2015750408172607,2.161527633666992
0,727,2.5997653007507324,2.1059153079986572
0,728,2.2420825958251953,2.1014273166656494
0,729,2.2388110160827637,2.4303359985351562
0,730,2.424348831176758,2.3263914585113525
0,731,2.396717071533203,2.3916101455688477
0,732,2.3772733211517334,2.4938082695007324
0,733,2.1228089332580566,2.052184820175171
0,734,1.882252812385559,2.1127243041992188
0,735,2.357219696044922,2.3862409591674805
0,736,2.028660535812378,1.9223132133483887
0,737,2.07392954826355,2.3452351093292236
0,738,2.122809410095215,1.9554975032806396
0,739,2.2969436645507812,2.179293632507324
0,740,2.547915458679199,2.3363423347473145
0,741,2.156845808029175,2.472257614135742
0,742,2.1374504566192627,2.3797085285186768
0,743,2.56361985206604,2.2619059085845947
0,744,2.303203821182251,2.09295654296875
0,745,2.182704448699951,2.2789011001586914
0,746,2.394965648651123,2.212566614151001
0,747,2.2240402698516846,2.4876868724823
0,748,2.075364351272583,2.1628968715667725
0,749,2.255868673324585,2.456725597381592
0,750,2.325511932373047,2.0568854808807373
0,751,2.411933422088623,2.378281831741333
0,752,2.097736120223999,2.307337999343872
0,753,2.116436004638672,2.5093653202056885
0,754,2.2419188022613525,2.0497887134552
0,755,2.4973621368408203,2.55293607711792
0,756,1.9827989339828491,2.478581666946411
0,757,2.2222211360931396,2.051403760910034
0,758,2.0287928581237793,2.1875386238098145
0,759,2.1790831089019775,2.223836660385132
0,760,2.1774168014526367,2.242987871170044
0,761,2.2492878437042236,2.3073508739471436
0,762,2.0599803924560547,2.1837430000305176
0,763,2.057734727859497,2.173236846923828
0,764,2.4874751567840576,2.0699574947357178
0,765,2.6473822593688965,2.529805898666382
0,766,2.269472599029541,1.9394216537475586
0,767,2.5930733680725098,2.3618741035461426
0,768,2.4155282974243164,2.282555103302002
0,769,2.1769256591796875,2.4660942554473877
0,770,2.1671996116638184,2.009944200515747
0,771,2.0952107906341553,2.283658266067505
0,772,1.8612161874771118,2.1942009925842285
0,773,2.2724268436431885,2.235751152038574
0,774,2.264594554901123,2.029447555541992
0,775,1.8563668727874756,2.3750908374786377
0,776,2.0833580493927,2.0365729331970215
0,777,2.4970943927764893,2.1030032634735107
0,778,2.117025375366211,2.1425774097442627
0,779,2.4772298336029053,2.4762744903564453
0,780,2.0242812633514404,1.9879027605056763
0,781,2.6469695568084717,2.0863966941833496
0,782,2.3640329837799072,2.1696243286132812
0,783,2.32112979888916,2.1199464797973633
0,784,2.4646494388580322,2.1911323070526123
0,785,2.476757049560547,2.385892391204834
0,786,2.4564080238342285,2.2769112586975098
0,787,2.3725709915161133,2.1165411472320557
0,788,2.4059205055236816,2.1956875324249268
0,789,2.4405462741851807,2.286379337310791
0,790,2.291954755783081,2.3474864959716797
0,791,1.9790942668914795,2.228757619857788
0,792,2.3659186363220215,2.170095205307007
0,793,2.2513318061828613,2.2165098190307617
0,794,2.1133198738098145,2.4252829551696777
0,795,2.145228385925293,2.2818188667297363
0,796,2.2274868488311768,2.572054862976074
0,797,1.8125838041305542,1.9291123151779175
0,798,1.9821933507919312,2.1668198108673096
0,799,2.469181776046753,2.5221874713897705
0,800,2.173832654953003,2.3095922470092773
0,801,1.9360941648483276,2.3647549152374268
0,802,2.434230327606201,2.1213924884796143
0,803,2.309760570526123,1.9021104574203491
0,804,2.1859652996063232,1.969704508781433
0,805,2.224609851837158,2.031445264816284
0,806,2.218975782394409,2.126988172531128
0,807,2.293584108352661,2.4359469413757324
0,808,2.168144702911377,2.3798468112945557
0,809,2.4350571632385254,2.249060869216919
0,810,2.9007503986358643,2.377828598022461
0,811,1.865561842918396,2.2471954822540283
0,812,2.440736770629883,2.2347946166992188
0,813,2.210400342941284,2.490434169769287
0,814,2.1356234550476074,1.9128384590148926
0,815,2.148895025253296,2.3782036304473877
0,816,2.2927064895629883,2.1505837440490723
0,817,2.4317309856414795,2.2777962684631348
0,818,2.2966558933258057,2.0031180381774902
0,819,2.0843758583068848,2.22959566116333
0,820,1.9782476425170898,1.91048002243042
0,821,2.2651100158691406,2.197744846343994
0,822,2.4201462268829346,2.2930030822753906
0,823,1.7838208675384521,2.313591480255127
0,824,2.2105588912963867,2.1288681030273438
0,825,2.1319544315338135,2.3880085945129395
0,826,2.3987486362457275,2.2277283668518066
0,827,2.472925901412964,2.0630640983581543
0,828,2.2750017642974854,2.075399398803711
0,829,2.267047166824341,2.2616195678710938
0,830,2.0392980575561523,2.165377616882324
0,831,2.0759329795837402,2.239847421646118
0,832,2.016843795776367,2.2273335456848145
0,833,2.2086756229400635,2.3313424587249756
0,834,2.029350757598877,2.1469836235046387
0,835,2.2778167724609375,2.352800130844116
0,836,2.2523837089538574,2.197211742401123
0,837,2.2195918560028076,2.3066511154174805
0,838,1.9386497735977173,1.8545238971710205
0,839,2.332129716873169,2.536149501800537
0,840,2.118415117263794,2.1764633655548096
0,841,2.209712266921997,2.182573080062866
0,842,2.2730624675750732,2.5854837894439697
0,843,2.284376859664917,2.2931222915649414
0,844,2.196427345275879,2.4049696922302246
0,845,2.1375718116760254,2.466430902481079
0,846,2.098724126815796,2.265101194381714
0,847,2.5469367504119873,2.509568452835083
0,848,2.2564189434051514,1.9577906131744385
0,849,2.3210933208465576,2.305778741836548
0,850,2.1244609355926514,2.0179848670959473
0,851,2.3708341121673584,2.4830310344696045
0,852,2.1475110054016113,2.4241461753845215
0,853,2.460665702819824,2.2450873851776123
0,854,2.5081369876861572,2.1497859954833984
0,855,2.037043809890747,2.1623127460479736
0,856,2.1984598636627197,2.228940963745117
0,857,2.146726608276367,2.53410267829895
0,858,1.8821395635604858,2.1448748111724854
0,859,2.2148661613464355,2.3984551429748535
0,860,2.3021678924560547,2.1545002460479736
0,861,2.3424932956695557,2.4980642795562744
0,862,2.225374460220337,2.388519763946533
0,863,2.225486993789673,2.275240182876587
0,864,2.286543846130371,2.5961575508117676
0,865,2.126037359237671,2.1825613975524902
0,866,2.4061665534973145,2.2122433185577393
0,867,2.362031936645508,2.1648712158203125
0,868,2.3633432388305664,2.375757932662964
0,869,2.659579277038574,2.1789863109588623
0,870,2.573657989501953,2.1539013385772705
0,871,2.2674672603607178,2.197934865951538
0,872,2.338120698928833,2.2892701625823975
0,873,2.158580780029297,2.3969242572784424
0,874,2.1765708923339844,2.05893874168396
0,875,2.141267776489258,2.5448946952819824
0,876,1.7848542928695679,2.3207077980041504
0,877,2.0728840827941895,2.3643364906311035
0,878,2.077083110809326,2.079692840576172
0,879,2.2144389152526855,2.1659095287323
0,880,2.033977746963501,2.3315045833587646
0,881,1.9009143114089966,2.4843592643737793
0,882,2.587867259979248,1.9535428285598755
0,883,2.412248134613037,2.2918953895568848
0,884,2.2085373401641846,2.074862480163574
0,885,2.364158868789673,2.3538432121276855
0,886,2.271756649017334,2.2459819316864014
0,887,2.075282096862793,2.5218427181243896
0,888,2.7013251781463623,2.4249203205108643
0,889,2.266085624694824,2.312272548675537
0,890,2.4245197772979736,1.9553558826446533
0,891,2.3981058597564697,2.0904757976531982
0,892,2.1430182456970215,1.9308512210845947
0,893,1.9358488321304321,2.125007152557373
0,894,2.225389003753662,1.9400664567947388
0,895,2.1506946086883545,2.174593448638916
0,896,2.052389144897461,2.2192163467407227
0,897,2.2545218467712402,2.5922749042510986
0,898,2.298635959625244,2.1509687900543213
0,899,2.3532495498657227,2.2574970722198486
0,900,2.024245500564575,2.0158557891845703
0,901,2.17818284034729,2.1401023864746094
0,902,2.1140084266662598,2.294684886932373
0,903,2.320129632949829,2.348703622817993
0,904,2.0030925273895264,1.8203246593475342
0,905,2.4529917240142822,2.301396131515503
0,906,2.2549684047698975,1.7328581809997559
0,907,2.4448752403259277,2.117645025253296
0,908,2.229584217071533,2.22892165184021
0,909,2.394355297088623,2.059093475341797
0,910,2.268125534057617,2.2747769355773926
0,911,2.2297215461730957,2.5087687969207764
0,912,2.1939210891723633,2.15171480178833
0,913,2.284271717071533,2.4580061435699463
0,914,1.9777570962905884,2.0678629875183105
0,915,2.280376434326172,2.389988422393799
0,916,2.4950523376464844,2.1820225715637207
0,917,2.2057130336761475,2.503833055496216
0,918,2.216710329055786,1.9424289464950562
0,919,2.167978525161743,2.1636905670166016
0,920,1.9163438081741333,1.978296160697937
0,921,2.4397048950195312,2.507467031478882
0,922,2.048712730407715,2.2974741458892822
0,923,2.257028341293335,2.534390926361084
0,924,2.09932541847229,2.1997604370117188
0,925,2.3025121688842773,2.40085768699646
0,926,2.252756357192993,2.134120464324951
0,927,2.0504841804504395,2.355879545211792
0,928,2.411499500274658,2.213505506515503
0,929,2.0340678691864014,2.519378900527954
0,930,2.42370867729187,2.060532569885254
0,931,2.3025617599487305,1.7885469198226929
0,932,1.9939815998077393,2.049301862716675
0,933,2.116708517074585,2.602473020553589
0,934,2.21909236907959,2.4223814010620117
0,935,2.3411824703216553,2.4416069984436035
0,936,1.9356275796890259,2.442760944366455
0,937,2.2485392093658447,2.344966173171997
0,938,2.2483139038085938,2.122225046157837
0,939,2.132782220840454,2.6444616317749023
0,940,2.3491756916046143,2.1490583419799805
0,941,2.250706434249878,2.029529094696045
0,942,2.137165069580078,2.1037542819976807
0,943,1.988637089729309,2.345353603363037
0,944,2.347912549972534,2.068305492401123
0,945,2.321526288986206,2.2264411449432373
0,946,2.2447879314422607,2.1745922565460205
0,947,2.1268577575683594,2.2874643802642822
0,948,2.3237292766571045,2.1700632572174072
0,949,2.2440240383148193,2.293180465698242
0,950,2.3354074954986572,2.1286213397979736
0,951,1.9703925848007202,2.102116823196411
0,952,2.3813111782073975,2.2674741744995117
0,953,1.9098759889602661,2.402268648147583
0,954,2.395857810974121,2.0946521759033203
0,955,2.197282314300537,2.434645652770996
0,956,2.0535600185394287,2.316089630126953
0,957,2.1665549278259277,2.2044026851654053
0,958,2.147488594055176,2.156670331954956
0,959,2.191509485244751,2.486994981765747
0,960,2.123258590698242,2.241312026977539
0,961,2.2281055450439453,2.177783966064453
0,962,2.214634656906128,2.3455474376678467
0,963,2.2082438468933105,2.37656569480896
0,964,2.2857375144958496,2.2718420028686523
0,965,2.312443971633911,2.360707998275757
0,966,2.0776047706604004,2.129490375518799
0,967,2.161745309829712,2.2115986347198486
0,968,2.329458475112915,2.295558214187622
0,969,2.343534469604492,2.556302547454834
0,970,2.154289484024048,2.0541958808898926
0,971,2.080075740814209,2.3308804035186768
0,972,2.102957248687744,2.215953826904297
0,973,2.037346363067627,2.277251720428467
0,974,1.8745237588882446,2.0624589920043945
0,975,2.3431408405303955,2.2279233932495117
0,976,2.3589491844177246,2.1647789478302
0,977,2.4125914573669434,2.2700891494750977
0,978,2.1389384269714355,2.0092806816101074
0,979,2.1962673664093018,2.616591215133667
0,980,2.246171236038208,1.9712004661560059
0,981,2.2519893646240234,2.254648447036743
0,982,2.4678115844726562,2.161621332168579
0,983,2.0597071647644043,2.18422532081604
0,984,2.5962538719177246,2.3579585552215576
0,985,2.2902028560638428,2.1656203269958496
0,986,2.4609315395355225,1.8506132364273071
0,987,2.2775676250457764,2.5097060203552246
0,988,2.25423264503479,2.4932620525360107
0,989,2.2790732383728027,2.4948606491088867
0,990,2.0791964530944824,2.03485107421875
0,991,1.9735329151153564,2.301867723464966
0,992,2.064312219619751,2.2588319778442383
0,993,2.24804949760437,2.1590354442596436
0,994,2.3022170066833496,2.5207905769348145
0,995,1.993820309638977,2.4350109100341797
0,996,2.2969141006469727,2.2688233852386475
0,997,2.3001596927642822,2.46710205078125
0,998,2.39308762550354,2.344353675842285
0,999,2.2783045768737793,2.194638252258301
0,1000,2.056820869445801,1.971952199935913
